{
    "success": true,
    "data": [
        {
            "_id": "1",
            "name": "Ингредиент_1",
            "type": "bun",
            "proteins": 80,
            "fat": 24,
            "carbohydrates": 53,
            "calories": 420,
            "price": 1255,
            "image": "https://code.s3.yandex.net/react/code/bun-02.png",
            "image_mobile": "https://code.s3.yandex.net/react/code/bun-02-mobile.png",
            "image_large": "https://code.s3.yandex.net/react/code/bun-02-large.png",
            "__v": 0
        },
        {
            "_id": "2",
            "name": "Ингредиент_2",
            "type": "main",
            "proteins": 420,
            "fat": 142,
            "carbohydrates": 242,
            "calories": 4242,
            "price": 424,
            "image": "https://code.s3.yandex.net/react/code/meat-01.png",
            "image_mobile": "https://code.s3.yandex.net/react/code/meat-01-mobile.png",
            "image_large": "https://code.s3.yandex.net/react/code/meat-01-large.png",
            "__v": 0
        },
        {
            "_id": "3",
            "name": "Ингредиент_3",
            "type": "main",
            "proteins": 44,
            "fat": 26,
            "carbohydrates": 85,
            "calories": 643,
            "price": 988,
            "image": "https://code.s3.yandex.net/react/code/meat-03.png",
            "image_mobile": "https://code.s3.yandex.net/react/code/meat-03-mobile.png",
            "image_large": "https://code.s3.yandex.net/react/code/meat-03-large.png",
            "__v": 0
        },
        {
            "_id": "4",
            "name": "Ингридиент_4",
            "type": "sauce",
            "proteins": 30,
            "fat": 20,
            "carbohydrates": 40,
            "calories": 30,
            "price": 90,
            "image": "https://code.s3.yandex.net/react/code/sauce-02.png",
            "image_mobile": "https://code.s3.yandex.net/react/code/sauce-02-mobile.png",
            "image_large": "https://code.s3.yandex.net/react/code/sauce-02-large.png",
            "__v": 0
        },
        {
            "_id": "5",
            "name": "Ингредиент_5",
            "type": "bun",
            "proteins": 44,
            "fat": 26,
            "carbohydrates": 85,
            "calories": 643,
            "price": 988,
            "image": "https://code.s3.yandex.net/react/code/bun-01.png",
            "image_mobile": "https://code.s3.yandex.net/react/code/bun-01-mobile.png",
            "image_large": "https://code.s3.yandex.net/react/code/bun-01-large.png",
            "__v": 0
        }
    ]
}
